gene,snp,additive,recessive,dominant,AIC_dominant,AIC_recessive
NDUFAF4,JHU_6.97003033,306.53916963190903,329.04338170068877,329.04338170068877,-22.504212068779736,-22.504212068779736
PRKAG2,rs58568453,87.47644579476722,92.91542240105437,92.91542240105444,-5.438976606287227,-5.438976606287156
SIRPB1,JHU_20.1895704,370.8549034178067,401.4912171798746,401.4912171798746,-30.636313762067857,-30.636313762067857
SIRPB1,rs66600581,378.7397860805333,409.16569703283164,409.16569703283164,-30.425910952298352,-30.425910952298352
SIRPB1,rs72620873,378.7397860805333,409.16569703283164,409.16569703283164,-30.425910952298352,-30.425910952298352
SIRPB1,JHU_20.1895467,378.7397860805333,409.16569703283164,409.16569703283164,-30.425910952298352,-30.425910952298352
SIRPB1,JHU_20.1895217,378.7397860805333,409.16569703283164,409.16569703283164,-30.425910952298352,-30.425910952298352
SIRPB1,JHU_20.1895192,378.7397860805333,409.16569703283164,409.16569703283164,-30.425910952298352,-30.425910952298352
SIRPB1,JHU_20.1895101,378.7397860805333,409.16569703283164,409.16569703283164,-30.425910952298352,-30.425910952298352
SIRPB1,JHU_20.1895073,378.7397860805333,409.16569703283164,409.16569703283164,-30.425910952298352,-30.425910952298352
SIRPB1,JHU_20.1894909,378.7397860805333,409.16569703283164,409.16569703283164,-30.425910952298352,-30.425910952298352
SIRPB1,JHU_20.1894880,378.7397860805333,409.16569703283164,409.16569703283164,-30.425910952298352,-30.425910952298352
SIRPB1,rs6075340,339.6412637076288,398.9482903876273,398.9482903876273,-59.3070266799985,-59.3070266799985
TRMT13,rs7555025,206.10754251483195,221.98618245704333,221.9861824570434,-15.878639942211464,-15.878639942211379
TIMM44,rs12610448,82.04646571460552,97.22247792770924,97.22247792770924,-15.176012213103718,-15.176012213103718
SIRPB1,exm1519370,326.85963728649926,384.47644472952544,384.4764447295256,-57.616807443026346,-57.616807443026175
PRKAG2,rs1016193,88.39200315325827,92.91542240105437,92.91542240105444,-4.52341924779617,-4.523419247796099
PIBF1,rs7994794,77.24752827120669,86.51600827047383,86.51600827047383,-9.268479999267143,-9.268479999267143
NDUFAF4,JHU_6.96605484,305.0204772594419,317.375413459263,317.375413459263,-12.354936199821054,-12.354936199821054
MRPL55,JHU_1.228317857,214.7439576369238,247.6491801822243,247.6491801822243,-32.90522254530052,-32.90522254530052
MLYCD,rs247894,177.04437527207278,195.1731797199854,195.17317971998546,-18.12880444791267,-18.128804447912614
MAS1,rs6924573,667.8230039470361,685.1793390738369,685.1793390738369,-17.356335126800786,-17.356335126800786
KCNK5,rs2815125,569.3286317123137,598.6932974491069,598.6932974491069,-29.3646657367932,-29.3646657367932
GSTO2,JHU_10.106763757,521.9012360059171,540.8838758777265,540.8838758777264,-18.982639871809283,-18.982639871809397
GPX2,rs7144688,423.45731090188104,444.0710424857425,444.0710424857425,-20.613731583861465,-20.613731583861465
FANCA,JHU_16.89626135,436.67821923522155,432.7872751920115,432.78727519201135,3.8909440432101974,3.890944043210027
CPSF1,rs6599528,26.00825459199251,50.04850381081761,50.04850381081761,-24.040249218825096,-24.040249218825096
CHMP1B,rs7241199,124.40033522001515,152.95737757864183,152.9573775786419,-28.55704235862676,-28.557042358626674
BMP6,rs55966428,537.9068276859489,530.4870486079143,530.4870486079144,7.41977907803448,7.419779078034594
