snps,gene,index,Estimate,t.value,p.value,FDR,cis_gene,lead_SNP,FDR_mtb,FDR_interact,FDR_media,chr,pos,rsID
rs247894,IL1B,rs247894,-0.8850195863433938,-3.2710176986847554,0.0016124694368625033,0.10319804395920021,MLYCD,Y,0.00778574314148821,0.04265155741016829,NA,16,84479189,rs247894
rs55966428,IFNB1,rs55966428,-1.409609688575435,-2.935558541122772,0.004402299370533578,0.1408735798570745,BMP6,Y,6.27556563735575e-4,0.06871698692149403,NA,6,8829127,rs55966428
rs7994794,IL1B,rs7994794,-0.7094171336922019,-2.7864797141545217,0.0067254707290640295,0.14347670888669928,PIBF1,Y,0.00326302099487369,0.07877745529453364,NA,13,73086549,rs7994794
rs6924573,IL6,rs6924573,0.8857171574038148,2.5457135771065404,0.01293034445146032,0.17626269466443764,MAS1,Y,0.00135574156348571,0.08008479120272653,NA,6,160286188,rs6924573
rs247894,TNF,rs247894,-0.32454407112149836,-2.5217419850483522,0.01377052302065919,0.17626269466443764,MLYCD,Y,0.00778574314148821,0.04265155741016829,NA,16,84479189,rs247894
rs6599528,IL6,rs6599528,-0.7272523893358391,-2.4148706464111585,0.018145204948993472,0.1935488527892637,CPSF1,Y,2.5588363932274626e-5,0.07386040224307554,0.0236635888799345,8,145603114,rs6599528
rs7241199,IFNB1,rs7241199,-0.9427821592799734,-2.2608545155073623,0.026629835204853666,0.23862245434593377,CHMP1B,Y,0.00223843363939695,0.00822583597079691,NA,18,11857066,rs7241199
rs12610448,IFNB1,rs12610448,0.9815197624294654,2.2139927934677917,0.02982780679324172,0.23862245434593377,TIMM44,Y,0.00533050423960247,0.00822583597079691,NA,19,8532219,rs12610448
rs1016193,IFNB1,rs1016193,-0.9496539416817832,-2.027224703747796,0.046146235624579986,0.3281510088859021,PRKAG2,Y,3.3918424375323046e-4,0.01211908302107031,NA,7,150412100,rs1016193
rs7994794,IFNB1,rs7994794,-0.6703580101659783,-1.9125424072871742,0.059574627249584,0.3812776143973376,PIBF1,Y,0.00326302099487369,0.07877745529453364,NA,13,73086549,rs7994794
rs7144688,TNF,rs7144688,0.354134693902586,1.8599756412668151,0.06675828752512898,0.38841185469165956,GPX2,Y,0.00477313491826906,0.04130884872252535,NA,14,64613473,rs7144688
rs247894,IL6,rs247894,-0.5642302349401705,-1.776703930024872,0.07961864387290059,0.4054034819065657,MLYCD,Y,0.00778574314148821,0.04265155741016829,NA,16,84479189,rs247894
rs55966428,TNF,rs55966428,-0.2877103192422602,-1.674458636210697,0.09815117949937001,0.4054034819065657,BMP6,Y,6.27556563735575e-4,0.06871698692149403,NA,6,8829127,rs55966428
rs55966428,IL1B,rs55966428,-0.5865761373453715,-1.5795798271363717,0.11835644266093548,0.4054034819065657,BMP6,Y,6.27556563735575e-4,0.06871698692149403,NA,6,8829127,rs55966428
rs6924573,IFNB1,rs6924573,0.6717222696453958,1.5731334041732583,0.11984200015653695,0.4054034819065657,MAS1,Y,0.00135574156348571,0.08008479120272653,NA,6,160286188,rs6924573
rs1016193,TNF,rs1016193,-0.25610248760295407,-1.5667549336974773,0.12132651962178077,0.4054034819065657,PRKAG2,Y,3.3918424375323046e-4,0.01211908302107031,NA,7,150412100,rs1016193
rs6599528,TNF,rs6599528,-0.19670975243740282,-1.546555543812934,0.12612466257909533,0.4054034819065657,CPSF1,Y,2.5588363932274626e-5,0.07386040224307554,0.0236635888799345,8,145603114,rs6599528
exm1519370,TNF,exm1519370,-0.18876124908024902,-1.5455932915631734,0.12641220034045483,0.4054034819065657,SIRPB1,Y,2.3416561492173305e-11,0.00127212129510092,0.07235690571189862,20,1896100,rs6136375
JHU_10.106763757,TNF,JHU_10.106763757,-0.30575852846473467,-1.523981609431506,0.13166388298990936,0.4054034819065657,GSTO2,Y,0.00357560301072817,0.05751741115735454,NA,10,106763758,rs940746
rs6599528,IL1B,rs6599528,-0.413156133946735,-1.504701706272483,0.13654552702021072,0.4054034819065657,CPSF1,Y,2.5588363932274626e-5,0.07386040224307554,0.0236635888799345,8,145603114,rs6599528
JHU_16.89626135,IL1B,JHU_16.89626135,0.8042434799553456,1.4757806769232602,0.1442453632803241,0.4054034819065657,FANCA,Y,2.8038155448819403e-4,0.04265155741016829,NA,16,89626136,NA
rs2815125,IL6,rs2815125,-0.5973276106730696,-1.4723401121144204,0.14505832700930973,0.4054034819065657,KCNK5,Y,7.094067020615837e-5,0.06871698692149403,NA,6,39194533,rs2815125
rs7241199,IL1B,rs7241199,-0.4651208431208083,-1.4699916866980947,0.14569187631017205,0.4054034819065657,CHMP1B,Y,0.00223843363939695,0.00822583597079691,NA,18,11857066,rs7241199
rs7555025,TNF,rs7555025,-0.3258810268317614,-1.4449976810465333,0.15256919398066776,0.4068511839484473,TRMT13,Y,0.0064369534865807,0.04265155741016829,NA,1,100997680,rs7555025
rs55966428,IL6,rs55966428,-0.555264827561623,-1.3269978444529233,0.1884824792735645,0.47305488259077616,BMP6,Y,6.27556563735575e-4,0.06871698692149403,NA,6,8829127,rs55966428
rs6924573,IL1B,rs6924573,0.4204981790510312,1.3158537676955946,0.1921785460525028,0.47305488259077616,MAS1,Y,0.00135574156348571,0.08008479120272653,NA,6,160286188,rs6924573
rs7994794,IL6,rs7994794,-0.34144486564244575,-1.1489049777013514,0.2541982229270582,0.6025439358271009,PIBF1,Y,0.00326302099487369,0.07877745529453364,NA,13,73086549,rs7994794
JHU_10.106763757,IFNB1,JHU_10.106763757,-0.6440670890305101,-1.1006419708301414,0.2745263981912415,0.6136293667752877,GSTO2,Y,0.00357560301072817,0.05751741115735454,NA,10,106763758,rs940746
JHU_6.96605484,TNF,JHU_6.96605484,-0.20948492417970818,-1.0737712274192732,0.28632270875472127,0.6136293667752877,NDUFAF4,Y,0.0081117159949416,0.0361266316054238,NA,6,96605485,rs78956122
rs7994794,TNF,rs7994794,-0.13091965039510373,-1.064384102578869,0.29052481766883054,0.6136293667752877,PIBF1,Y,0.00326302099487369,0.07877745529453364,NA,13,73086549,rs7994794
rs6924573,TNF,rs6924573,0.15613451237713244,1.0496034364199107,0.29722672453177995,0.6136293667752877,MAS1,Y,0.00135574156348571,0.08008479120272653,NA,6,160286188,rs6924573
JHU_16.89626135,IFNB1,JHU_16.89626135,-0.7114457980838943,-0.9589182618859053,0.34072255340049473,0.6814451068009895,FANCA,Y,2.8038155448819403e-4,0.04265155741016829,NA,16,89626136,NA
rs7241199,IL6,rs7241199,-0.32936741838267825,-0.9203262803248461,0.36031433841574534,0.6987914442002334,CHMP1B,Y,0.00223843363939695,0.00822583597079691,NA,18,11857066,rs7241199
JHU_1.228317857,TNF,JHU_1.228317857,0.20228757588125829,0.8390812372828924,0.4040552872739508,0.7600708959491115,MRPL55,Y,0.00225556030372063,0.00822583597079691,NA,1,228317858,rs74597096
rs7144688,IFNB1,rs7144688,0.45940244367001487,0.8184418577285699,0.41566377122217035,0.7600708959491115,GPX2,Y,0.00477313491826906,0.04130884872252535,NA,14,64613473,rs7144688
JHU_16.89626135,IL6,JHU_16.89626135,0.46521264188414374,0.7534168305256062,0.45358993959546556,0.7744868140888482,FANCA,Y,2.8038155448819403e-4,0.04265155741016829,NA,16,89626136,NA
JHU_6.96605484,IFNB1,JHU_6.96605484,0.4214587364418069,0.7430752607560741,0.45972695225155047,0.7744868140888482,NDUFAF4,Y,0.0081117159949416,0.0361266316054238,NA,6,96605485,rs78956122
JHU_10.106763757,IL1B,JHU_10.106763757,-0.3251812568684722,-0.7428682516911852,0.4598515458652537,0.7744868140888482,GSTO2,Y,0.00357560301072817,0.05751741115735454,NA,10,106763758,rs940746
rs1016193,IL6,rs1016193,0.2722800218067656,0.679767742005103,0.498716868605542,0.8179849379797486,PRKAG2,Y,3.3918424375323046e-4,0.01211908302107031,NA,7,150412100,rs1016193
JHU_16.89626135,TNF,JHU_16.89626135,0.1678384464921565,0.6516701409443973,0.5166328598366265,0.8179849379797486,FANCA,Y,2.8038155448819403e-4,0.04265155741016829,NA,16,89626136,NA
rs7241199,TNF,rs7241199,-0.09496888064054279,-0.6401171455685551,0.5240216008932764,0.8179849379797486,CHMP1B,Y,0.00223843363939695,0.00822583597079691,NA,18,11857066,rs7241199
rs12610448,IL6,rs12610448,-0.22941412117860785,-0.6018456938274134,0.5490681112225724,0.8366752171010626,TIMM44,Y,0.00533050423960247,0.00822583597079691,NA,19,8532219,rs12610448
rs2815125,IFNB1,rs2815125,0.2537238968825469,0.5160380960987229,0.607325935575001,0.9039269738790713,KCNK5,Y,7.094067020615837e-5,0.06871698692149403,NA,6,39194533,rs2815125
JHU_1.228317857,IL6,JHU_1.228317857,0.25005078889835786,0.4272928961242018,0.6703741923754316,0.9647259989328102,MRPL55,Y,0.00225556030372063,0.00822583597079691,NA,1,228317858,rs74597096
JHU_6.96605484,IL1B,JHU_6.96605484,-0.16240289792784812,-0.38340114355335714,0.7024927557580292,0.9647259989328102,NDUFAF4,Y,0.0081117159949416,0.0361266316054238,NA,6,96605485,rs78956122
rs12610448,TNF,rs12610448,0.05754312094630766,0.3646376754326322,0.7163945502132669,0.9647259989328102,TIMM44,Y,0.00533050423960247,0.00822583597079691,NA,19,8532219,rs12610448
rs7555025,IFNB1,rs7555025,-0.23833925587959381,-0.3603340512717597,0.7195968560229788,0.9647259989328102,TRMT13,Y,0.0064369534865807,0.04265155741016829,NA,1,100997680,rs7555025
rs7144688,IL6,rs7144688,-0.15946157494083452,-0.3388445199118243,0.7356612864287685,0.9647259989328102,GPX2,Y,0.00477313491826906,0.04130884872252535,NA,14,64613473,rs7144688
rs7555025,IL1B,rs7555025,-0.16501743477327757,-0.3349063271990144,0.7386183429329328,0.9647259989328102,TRMT13,Y,0.0064369534865807,0.04265155741016829,NA,1,100997680,rs7555025
rs7555025,IL6,rs7555025,-0.1581244132110723,-0.2860877734067893,0.7755892668695175,0.9746196504274923,TRMT13,Y,0.0064369534865807,0.04265155741016829,NA,1,100997680,rs7555025
rs2815125,TNF,rs2815125,-0.046054487898305345,-0.2709106160090637,0.7871942048038901,0.9746196504274923,KCNK5,Y,7.094067020615837e-5,0.06871698692149403,NA,6,39194533,rs2815125
exm1519370,IL6,exm1519370,-0.07668876355095774,-0.2551831824359526,0.7992801037463486,0.9746196504274923,SIRPB1,Y,2.3416561492173305e-11,0.00127212129510092,0.07235690571189862,20,1896100,rs6136375
rs6599528,IFNB1,rs6599528,0.08891352174417946,0.23776979771182005,0.8126994887120049,0.9746196504274923,CPSF1,Y,2.5588363932274626e-5,0.07386040224307554,0.0236635888799345,8,145603114,rs6599528
rs1016193,IL1B,rs1016193,0.07656558867822043,0.21379588018831927,0.8312787710414463,0.9746196504274923,PRKAG2,Y,3.3918424375323046e-4,0.01211908302107031,NA,7,150412100,rs1016193
rs12610448,IL1B,rs12610448,-0.05397940344455918,-0.15846705938522213,0.874509099930521,0.9746196504274923,TIMM44,Y,0.00533050423960247,0.00822583597079691,NA,19,8532219,rs12610448
exm1519370,IFNB1,exm1519370,0.054155724767591444,0.15050720250645375,0.8807685208466736,0.9746196504274923,SIRPB1,Y,2.3416561492173305e-11,0.00127212129510092,0.07235690571189862,20,1896100,rs6136375
JHU_1.228317857,IL1B,JHU_1.228317857,0.06908922121655739,0.13226450786130947,0.895124628034148,0.9746196504274923,MRPL55,Y,0.00225556030372063,0.00822583597079691,NA,1,228317858,rs74597096
JHU_10.106763757,IL6,JHU_10.106763757,-0.06434761936476258,-0.13061402579820908,0.896425761465345,0.9746196504274923,GSTO2,Y,0.00357560301072817,0.05751741115735454,NA,10,106763758,rs940746
rs247894,IFNB1,rs247894,0.04535431582142904,0.11691004077758134,0.9072397402351821,0.9746196504274923,MLYCD,Y,0.00778574314148821,0.04265155741016829,NA,16,84479189,rs247894
JHU_1.228317857,IFNB1,JHU_1.228317857,-0.07158918103823636,-0.10207654982756047,0.9189647580999326,0.9746196504274923,MRPL55,Y,0.00225556030372063,0.00822583597079691,NA,1,228317858,rs74597096
exm1519370,IL1B,exm1519370,-0.02201494149705945,-0.08340552957823327,0.9337513071631873,0.9746196504274923,SIRPB1,Y,2.3416561492173305e-11,0.00127212129510092,0.07235690571189862,20,1896100,rs6136375
JHU_6.96605484,IL6,JHU_6.96605484,0.03341386623419229,0.07027069245870249,0.9441627863516332,0.9746196504274923,NDUFAF4,Y,0.0081117159949416,0.0361266316054238,NA,6,96605485,rs78956122
rs2815125,IL1B,rs2815125,-0.01593911332460026,-0.04344748476948907,0.9654587756277144,0.9807835180979956,KCNK5,Y,7.094067020615837e-5,0.06871698692149403,NA,6,39194533,rs2815125
rs7144688,IL1B,rs7144688,0.005698151622814788,0.01356931056083692,0.9892091468586743,0.9892091468586743,GPX2,Y,0.00477313491826906,0.04130884872252535,NA,14,64613473,rs7144688
