snps,rsID,chr,pos,gene,estimate_interact,FDR_interact
JHU_1.228317857,rs74597096,1,228317858,IFNB1,-0.05569805276244518,0.997162687012195
JHU_10.106763757,rs940746,10,106763758,IFNB1,-0.61988950612553,0.6474438318238556
JHU_16.89626135,NA,16,89626136,IFNB1,-0.7005389611589097,0.7566194441939148
JHU_6.96605484,rs78956122,6,96605485,IFNB1,0.43661309799890013,0.8417056517935919
exm1519370,rs6136375,20,1896100,IFNB1,0.03800707167808449,0.997162687012195
rs1016193,NA,7,150412100,IFNB1,-0.9265563926523156,0.404132403897686
rs12610448,NA,19,8532219,IFNB1,0.9801517415941482,0.404132403897686
rs247894,NA,16,84479189,IFNB1,0.04198838582333902,0.997162687012195
rs2815125,NA,6,39194533,IFNB1,0.27396621546030303,0.9149362099470542
rs55966428,NA,6,8829127,IFNB1,-1.407323224664878,0.1690677478287753
rs6599528,NA,8,145603114,IFNB1,0.09661247204110916,0.997162687012195
rs6924573,NA,6,160286188,IFNB1,0.6567717835757102,0.5538644225857322
rs7144688,NA,14,64613473,IFNB1,0.4639603829335904,0.8029603946488612
rs7241199,NA,18,11857066,IFNB1,-0.8618871867217703,0.404132403897686
rs7555025,NA,1,100997680,IFNB1,-0.2106684351532316,0.997162687012195
rs7994794,NA,13,73086549,IFNB1,-0.6348231984726902,0.4680695623316384
JHU_1.228317857,rs74597096,1,228317858,IL1B,0.06037211592467396,0.997162687012195
JHU_10.106763757,rs940746,10,106763758,IL1B,-0.3100418472559746,0.8839861034946881
JHU_16.89626135,NA,16,89626136,IL1B,0.7978869543134893,0.5538644225857322
JHU_6.96605484,rs78956122,6,96605485,IL1B,-0.16970901002659824,0.997162687012195
exm1519370,rs6136375,20,1896100,IL1B,-0.00831953016762156,0.997162687012195
rs1016193,NA,7,150412100,IL1B,0.07010325877320417,0.997162687012195
rs12610448,NA,19,8532219,IL1B,-0.06098212370817558,0.997162687012195
rs247894,NA,16,84479189,IL1B,-0.8764110520924465,0.1690677478287753
rs2815125,NA,6,39194533,IL1B,-0.02828372205814094,0.997162687012195
rs55966428,NA,6,8829127,IL1B,-0.5824022738913175,0.5538644225857322
rs6599528,NA,8,145603114,IL1B,-0.41211067350409875,0.5538644225857322
rs6924573,NA,6,160286188,IL1B,0.3846844124489465,0.6474438318238556
rs7144688,NA,14,64613473,IL1B,-0.00251242163439161,0.997162687012195
rs7241199,NA,18,11857066,IL1B,-0.4337720411180893,0.5538644225857322
rs7555025,NA,1,100997680,IL1B,-0.17391840886337945,0.997162687012195
rs7994794,NA,13,73086549,IL1B,-0.6750434126871777,0.26181513901670034
JHU_1.228317857,rs74597096,1,228317858,IL6,0.18669729773065763,0.997162687012195
JHU_10.106763757,rs940746,10,106763758,IL6,0.00208178762696814,0.997162687012195
JHU_16.89626135,NA,16,89626136,IL6,0.4212209561298905,0.9149362099470542
JHU_6.96605484,rs78956122,6,96605485,IL6,-0.02810398635359279,0.997162687012195
exm1519370,rs6136375,20,1896100,IL6,-0.06201315302135204,0.997162687012195
rs1016193,NA,7,150412100,IL6,0.2172663301510076,0.955260988880688
rs12610448,NA,19,8532219,IL6,-0.24860727782191636,0.9149362099470542
rs247894,NA,16,84479189,IL6,-0.5779549690881318,0.5538644225857322
rs2815125,NA,6,39194533,IL6,-0.6602171035589854,0.5538644225857322
rs55966428,NA,6,8829127,IL6,-0.563942976126202,0.6474438318238556
rs6599528,NA,8,145603114,IL6,-0.7211889079766057,0.404132403897686
rs6924573,NA,6,160286188,IL6,0.7435413401773,0.4871894177045625
rs7144688,NA,14,64613473,IL6,-0.22419640886154993,0.997162687012195
rs7241199,NA,18,11857066,IL6,-0.2680161749303906,0.904494077150288
rs7555025,NA,1,100997680,IL6,-0.2240372893763871,0.997162687012195
rs7994794,NA,13,73086549,IL6,-0.3740358040691586,0.6474438318238556
JHU_1.228317857,rs74597096,1,228317858,TNF,0.19830271715897443,0.8839861034946881
JHU_10.106763757,rs940746,10,106763758,TNF,-0.2515452525236146,0.6587654246251797
JHU_16.89626135,NA,16,89626136,TNF,0.150022882785132,0.9536722241883466
JHU_6.96605484,rs78956122,6,96605485,TNF,-0.1965895914770188,0.8029603946488612
exm1519370,rs6136375,20,1896100,TNF,-0.20898430405787052,0.5538644225857322
rs1016193,NA,7,150412100,TNF,-0.26767952552409274,0.5538644225857322
rs12610448,NA,19,8532219,TNF,0.10263874119698288,0.9149362099470542
rs247894,NA,16,84479189,TNF,-0.33958729212728794,0.404132403897686
rs2815125,NA,6,39194533,TNF,-0.02938293602846223,0.997162687012195
rs55966428,NA,6,8829127,TNF,-0.3072647008649997,0.5538644225857322
rs6599528,NA,8,145603114,TNF,-0.17580633542346644,0.6474438318238556
rs6924573,NA,6,160286188,TNF,0.14347739912394253,0.8029603946488612
rs7144688,NA,14,64613473,TNF,0.3367933446774253,0.5538644225857322
rs7241199,NA,18,11857066,TNF,-0.03034263806421071,0.997162687012195
rs7555025,NA,1,100997680,TNF,-0.3064854516701736,0.6474438318238556
rs7994794,NA,13,73086549,TNF,-0.155308452533652,0.6474438318238556
